<?xml version="1.0" encoding="UTF-8"?>
<beans:beans xmlns="http://www.springframework.org/schema/mvc"
	xmlns:xsi="http://www.w3.org/2001/XMLSchema-instance"
	xmlns:beans="http://www.springframework.org/schema/beans"
	xmlns:context="http://www.springframework.org/schema/context"
	xsi:schemaLocation="http://www.springframework.org/schema/mvc https://www.springframework.org/schema/mvc/spring-mvc.xsd
		http://www.springframework.org/schema/beans https://www.springframework.org/schema/beans/spring-beans.xsd
		http://www.springframework.org/schema/context https://www.springframework.org/schema/context/spring-context.xsd">

	<!-- DispatcherServlet Context: defines this servlet's request-processing infrastructure -->
	
	<!-- Enables the Spring MVC @Controller programming model -->
	<annotation-driven />

	<!-- Handles HTTP GET requests for /resources/** by efficiently serving up static resources in the ${webappRoot}/resources directory -->
	<resources mapping="/resources/**" location="/resources/" />
	<!-- http://www.abc.com/bower_components -->
	<resources mapping="/bower_components/**" location="/resources/bower_components/" />
	<resources mapping="/dist/**" location="/resources/dist/" />
	<resources mapping="/plugins/**" location="/resources/plugins/" />
	<resources mapping="/js/**" location="/resources/js/" />
	<resources mapping="/ckeditor/**"
		location="/resources/bower_components/ckeditor/" />
	<resources mapping="/upload/**" location="/resources/upload/" />
	<resources mapping="/vendor/**" location="/resources/vendor/" />
	<resources mapping="/css/**" location="/resources/css/" />
		<resources mapping="/image/**" location="/resources/image/" />
	
	
		<!-- 클라이언트로 부터 전송되어 온 파일을 스프링에서 처리하는 기능 -->
	<!-- MultipartFile file 주입됨 -->
	<beans:bean id="multipartResolver"
		class="org.springframework.web.multipart.commons.CommonsMultipartResolver">
		<beans:property name="maxUploadSize" value="10485760" />
	</beans:bean>
	
	<!-- 파일 업로드 Path -->
	<beans:bean id="uploadPath" class="java.lang.String">
		<beans:constructor-arg value="D:\\dev\\upload"></beans:constructor-arg>
	</beans:bean>
	<!-- 인터셉터 설정작업 -->
	<beans:bean id="adminInterceptor" class="com.sunny.interceptor.AdminInterceptor"/>
	<beans:bean id="memberInterceptor" class="com.sunny.interceptor.MemberInterceptor" />
	<interceptors>
		 <interceptor>
			<mapping path="/order/orderList"/>
			<mapping path="/order/buy"/>
		 	<mapping path="/cart/addToCart"/> 
			<beans:ref bean="memberInterceptor"/>
		</interceptor>
	</interceptors>
	
	<!-- Resolves views selected for rendering by @Controllers to .jsp resources in the /WEB-INF/views directory -->
	<beans:bean class="org.springframework.web.servlet.view.InternalResourceViewResolver">
		<beans:property name="prefix" value="/WEB-INF/views/" />
		<beans:property name="suffix" value=".jsp" />
	</beans:bean>
	
	<context:component-scan base-package="com.sunny.controller" />
	
	
	
</beans:beans>
