<?xml version="1.0" encoding="UTF-8"?>
<beans xmlns="http://www.springframework.org/schema/beans"
	xmlns:xsi="http://www.w3.org/2001/XMLSchema-instance"
	xmlns:context="http://www.springframework.org/schema/context"
	xmlns:jdbc="http://www.springframework.org/schema/jdbc"
	xsi:schemaLocation="http://www.springframework.org/schema/jdbc http://www.springframework.org/schema/jdbc/spring-jdbc-4.3.xsd
		http://www.springframework.org/schema/beans https://www.springframework.org/schema/beans/spring-beans.xsd
		http://www.springframework.org/schema/context http://www.springframework.org/schema/context/spring-context-4.3.xsd">
	
	<!-- Root Context: defines shared resources visible to all other web components -->
	<bean id="dataSource" class="org.springframework.jdbc.datasource.DriverManagerDataSource">
		<property name="driverClassName" value="net.sf.log4jdbc.sql.jdbcapi.DriverSpy" />
		<property name="url" value="jdbc:log4jdbc:oracle:thin:@localhost:1521:orcl" />
		<property name="username" value="sunny" />
		<property name="password" value="sunny" />
	</bean>

	<bean id="sqlSessionFactory" class="org.mybatis.spring.SqlSessionFactoryBean">
		<property name="dataSource" ref="dataSource" />
		<property name="configLocation" value="classpath:/mybatis-config.xml" />
		<property name="mapperLocations" value="classpath:mappers/**/*Mapper.xml" />
	</bean>
	
	<bean id="sqlSession" class="org.mybatis.spring.SqlSessionTemplate" destroy-method="clearCache">
		<constructor-arg name="sqlSessionFactory" ref="sqlSessionFactory" />
	</bean>
	
	  <!-- JavaMailSenderImpl클래스를 bean객체로 설정시 메일버서의 정보를 구성해야 한다. Gmail계정정보를 사용(보안설정 낮게 ) -->
	<bean id="mailSender" class="org.springframework.mail.javamail.JavaMailSenderImpl">
	  <property name="host" value="smtp.gmail.com" />
	  <property name="port" value="587" />
	  <property name="username" value="skoring4@gmail.com" />
	  <property name="password" value="rlaqhdo1" />
	  <property name="javaMailProperties">
	  <props>
	    <prop key="mail.smtp.auth">true</prop>
	    <prop key="mail.smtp.starttls.enable">true</prop>
	  </props>
	  </property>
	</bean>
	
	<!-- packages 클래스 bean객체 생성구문 -->
	<context:component-scan base-package="com.sunny.service" />
	<context:component-scan base-package="com.sunny.dao" />
	<context:component-scan base-package="com.sunny.domain" />
	<context:component-scan base-package="com.sunny.util" />
	
	
</beans>
